Name,Path,UsedIn
mykalakar-logo.png,public/mykalakar-logo.png,"index.html; src/services/ImageRegistryService.ts"
mykalakar-logo.svg,public/mykalakar-logo.svg,
placeholder.svg,public/placeholder.svg,
public/cultural/dhol-close-dust.png,public/cultural/dhol-close-dust.png,
public/assets/static/profile-cover.webp,public/assets/static/profile-cover.webp,
public/assets/static/mykalakar-logo.webp,public/assets/static/mykalakar-logo.webp,
public/assets/static/hero-zanj.webp,public/assets/static/hero-zanj.webp,
public/assets/static/hero-tabla.webp,public/assets/static/hero-tabla.webp,
public/assets/static/hero-kirtan.webp,public/assets/static/hero-kirtan.webp,
public/assets/static/hero-dhol.webp,public/assets/static/hero-dhol.webp,
public/assets/static/fallback-image.webp,public/assets/static/fallback-image.webp,
public/assets/static/events-banner.webp,public/assets/static/events-banner.webp,
public/assets/static/category-spiritual-varkari-sampraday.webp,public/assets/static/category-spiritual-varkari-sampraday.webp,
public/assets/static/category-performers.webp,public/assets/static/category-performers.webp,
public/assets/static/category-folk-traditional-arts.webp,public/assets/static/category-folk-traditional-arts.webp,
public/assets/static/category-event-services.webp,public/assets/static/category-event-services.webp,
public/cultural/varkari-tanpura.png,public/cultural/varkari-tanpura.png,
public/cultural/tabla-motion.png,public/cultural/tabla-motion.png,
public/cultural/dhol-pathak-performer.png,public/cultural/dhol-pathak-performer.png,
public/cultural/varkari-vocalist.png,public/cultural/varkari-vocalist.png,
public/cultural/zanj-temple.png,public/cultural/zanj-temple.png,
public/assets/catalog/artist-02.webp,public/assets/catalog/artist-02.webp,
public/assets/catalog/artist-01.webp,public/assets/catalog/artist-01.webp,
public/assets/catalog/artist-03.webp,public/assets/catalog/artist-03.webp,
public/assets/catalog/artist-04.webp,public/assets/catalog/artist-04.webp,
public/assets/curated/tanpura-singer-2.jpg,public/assets/curated/tanpura-singer-2.jpg,src/services/ImageRegistryService.ts
public/assets/curated/tanpura-singer-1.jpg,public/assets/curated/tanpura-singer-1.jpg,src/services/ImageRegistryService.ts
public/assets/curated/tabla-hands.jpg,public/assets/curated/tabla-hands.jpg,src/services/ImageRegistryService.ts
public/assets/curated/manjira-hands.jpg,public/assets/curated/manjira-hands.jpg,src/services/ImageRegistryService.ts
public/assets/curated/dhol-passion.jpg,public/assets/curated/dhol-passion.jpg,src/services/ImageRegistryService.ts
public/assets/catalog/artist-20.webp,public/assets/catalog/artist-20.webp,
public/assets/catalog/artist-19.webp,public/assets/catalog/artist-19.webp,
public/assets/catalog/artist-18.webp,public/assets/catalog/artist-18.webp,
public/assets/catalog/artist-17.webp,public/assets/catalog/artist-17.webp,
public/assets/catalog/artist-16.webp,public/assets/catalog/artist-16.webp,
public/assets/catalog/artist-15.webp,public/assets/catalog/artist-15.webp,
public/assets/catalog/artist-14.webp,public/assets/catalog/artist-14.webp,
public/assets/catalog/artist-13.webp,public/assets/catalog/artist-13.webp,
public/assets/catalog/artist-12.webp,public/assets/catalog/artist-12.webp,
public/assets/catalog/artist-11.webp,public/assets/catalog/artist-11.webp,
public/assets/catalog/artist-10.webp,public/assets/catalog/artist-10.webp,
public/assets/catalog/artist-09.webp,public/assets/catalog/artist-09.webp,
public/assets/catalog/artist-08.webp,public/assets/catalog/artist-08.webp,
public/assets/catalog/artist-07.webp,public/assets/catalog/artist-07.webp,
public/assets/catalog/artist-06.webp,public/assets/catalog/artist-06.webp,
public/assets/catalog/artist-05.webp,public/assets/catalog/artist-05.webp,
public/assets/catalog/category-02.webp,public/assets/catalog/category-02.webp,
public/assets/catalog/category-01.webp,public/assets/catalog/category-01.webp,
public/assets/catalog/artist-26.webp,public/assets/catalog/artist-26.webp,
public/assets/catalog/artist-25.webp,public/assets/catalog/artist-25.webp,
public/assets/catalog/artist-24.webp,public/assets/catalog/artist-24.webp,
public/assets/catalog/artist-23.webp,public/assets/catalog/artist-23.webp,
public/assets/catalog/artist-22.webp,public/assets/catalog/artist-22.webp,
public/assets/catalog/artist-21.webp,public/assets/catalog/artist-21.webp,
public/assets/catalog/category-06.webp,public/assets/catalog/category-06.webp,
public/assets/catalog/category-05.webp,public/assets/catalog/category-05.webp,
public/assets/catalog/category-04.webp,public/assets/catalog/category-04.webp,
public/assets/catalog/category-03.webp,public/assets/catalog/category-03.webp,
public/assets/catalog/category-08.webp,public/assets/catalog/category-08.webp,
public/assets/catalog/category-07.webp,public/assets/catalog/category-07.webp,
public/assets/catalog/category-09.webp,public/assets/catalog/category-09.webp,
public/assets/catalog/ui-04.webp,public/assets/catalog/ui-04.webp,
public/assets/catalog/ui-03.webp,public/assets/catalog/ui-03.webp,
public/assets/catalog/ui-02.webp,public/assets/catalog/ui-02.webp,
public/assets/catalog/ui-01.webp,public/assets/catalog/ui-01.webp,
public/assets/catalog/hero-04.webp,public/assets/catalog/hero-04.webp,
public/assets/catalog/hero-03.webp,public/assets/catalog/hero-03.webp,
public/assets/catalog/hero-02.webp,public/assets/catalog/hero-02.webp,
public/assets/catalog/hero-01.webp,public/assets/catalog/hero-01.webp,
public/assets/catalog/event-14.webp,public/assets/catalog/event-14.webp,
public/assets/catalog/event-13.webp,public/assets/catalog/event-13.webp,
public/assets/catalog/event-12.webp,public/assets/catalog/event-12.webp,
public/assets/catalog/event-07.webp,public/assets/catalog/event-07.webp,
public/assets/catalog/event-06.webp,public/assets/catalog/event-06.webp,
public/assets/catalog/event-05.webp,public/assets/catalog/event-05.webp,
public/assets/catalog/event-04.webp,public/assets/catalog/event-04.webp,
public/assets/catalog/event-03.webp,public/assets/catalog/event-03.webp,
public/assets/catalog/event-02.webp,public/assets/catalog/event-02.webp,
public/assets/catalog/event-01.webp,public/assets/catalog/event-01.webp,
public/assets/catalog/category-10.webp,public/assets/catalog/category-10.webp,
public/assets/catalog/event-09.webp,public/assets/catalog/event-09.webp,
public/assets/catalog/event-08.webp,public/assets/catalog/event-08.webp,
public/assets/catalog/event-10.webp,public/assets/catalog/event-10.webp,
public/assets/catalog/event-11.webp,public/assets/catalog/event-11.webp
